code,name,name_en,name_acr,full_name,full_name_en,code_name,province_code
001,Ba Đình,Ba Dinh,bd,Quận Ba Đình,Ba Dinh District,badinh,01
002,Hoàn Kiếm,Hoan Kiem,hk,Quận Hoàn Kiếm,Hoan Kiem District,hoankiem,01
003,Tây Hồ,Tay Ho,th,Quận Tây Hồ,Tay Ho District,tayho,01
004,Long Biên,Long Bien,lb,Quận Long Biên,Long Bien District,longbien,01
005,Cầu Giấy,Cau Giay,cg,Quận Cầu Giấy,Cau Giay District,caugiay,01
006,Đống Đa,Dong Da,dd,Quận Đống Đa,Dong Da District,dongda,01
007,Hai Bà Trưng,Hai Ba Trung,hbt,Quận Hai Bà Trưng,Hai Ba Trung District,haibatrung,01
008,Hoàng Mai,Hoang Mai,hm,Quận Hoàng Mai,Hoang Mai District,hoangmai,01
009,Thanh Xuân,Thanh Xuan,tx,Quận Thanh Xuân,Thanh Xuan District,thanhxuan,01
016,Sóc Sơn,Soc Son,ss,Huyện Sóc Sơn,Soc Son District,socson,01
017,Đông Anh,Dong Anh,da,Huyện Đông Anh,Dong Anh District,donganh,01
018,Gia Lâm,Gia Lam,gl,Huyện Gia Lâm,Gia Lam District,gialam,01
019,Nam Từ Liêm,Nam Tu Liem,ntl,Quận Nam Từ Liêm,Nam Tu Liem District,namtuliem,01
020,Thanh Trì,Thanh Tri,tt,Huyện Thanh Trì,Thanh Tri District,thanhtri,01
021,Bắc Từ Liêm,Bac Tu Liem,btl,Quận Bắc Từ Liêm,Bac Tu Liem District,bactuliem,01
024,Hà Giang,Ha Giang,hg,Thành phố Hà Giang,Ha Giang City,hagiang,02
026,Đồng Văn,Dong Van,dv,Huyện Đồng Văn,Dong Van District,dongvan,02
027,Mèo Vạc,Meo Vac,mv,Huyện Mèo Vạc,Meo Vac District,meovac,02
028,Yên Minh,Yen Minh,ym,Huyện Yên Minh,Yen Minh District,yenminh,02
029,Quản Bạ,Quan Ba,qb,Huyện Quản Bạ,Quan Ba District,quanba,02
030,Vị Xuyên,Vi Xuyen,vx,Huyện Vị Xuyên,Vi Xuyen District,vixuyen,02
031,Bắc Mê,Bac Me,bm,Huyện Bắc Mê,Bac Me District,bacme,02
032,Hoàng Su Phì,Hoang Su Phi,hsp,Huyện Hoàng Su Phì,Hoang Su Phi District,hoangsuphi,02
033,Xín Mần,Xin Man,xm,Huyện Xín Mần,Xin Man District,xinman,02
034,Bắc Quang,Bac Quang,bq,Huyện Bắc Quang,Bac Quang District,bacquang,02
035,Quang Bình,Quang Binh,qb,Huyện Quang Bình,Quang Binh District,quangbinh,02
040,Cao Bằng,Cao Bang,cb,Thành phố Cao Bằng,Cao Bang City,caobang,04
042,Bảo Lâm,Bao Lam,bl,Huyện Bảo Lâm,Bao Lam District,baolam,04
043,Bảo Lạc,Bao Lac,bl,Huyện Bảo Lạc,Bao Lac District,baolac,04
045,Hà Quảng,Ha Quang,hq,Huyện Hà Quảng,Ha Quang District,haquang,04
047,Trùng Khánh,Trung Khanh,tk,Huyện Trùng Khánh,Trung Khanh District,trungkhanh,04
048,Hạ Lang,Ha Lang,hl,Huyện Hạ Lang,Ha Lang District,halang,04
049,Quảng Hòa,Quang Hoa,qh,Huyện Quảng Hòa,Quang Hoa District,quanghoa,04
051,Hoà An,Hoa An,ha,Huyện Hoà An,Hoa An District,hoaan,04
052,Nguyên Bình,Nguyen Binh,nb,Huyện Nguyên Bình,Nguyen Binh District,nguyenbinh,04
053,Thạch An,Thach An,ta,Huyện Thạch An,Thach An District,thachan,04
058,Bắc Kạn,Bac Kan,bk,Thành phố Bắc Kạn,Bac Kan City,backan,06
060,Pác Nặm,Pac Nam,pn,Huyện Pác Nặm,Pac Nam District,pacnam,06
061,Ba Bể,Ba Be,bb,Huyện Ba Bể,Ba Be District,babe,06
062,Ngân Sơn,Ngan Son,ns,Huyện Ngân Sơn,Ngan Son District,nganson,06
063,Bạch Thông,Bach Thong,bt,Huyện Bạch Thông,Bach Thong District,bachthong,06
064,Chợ Đồn,Cho Don,cd,Huyện Chợ Đồn,Cho Don District,chodon,06
065,Chợ Mới,Cho Moi,cm,Huyện Chợ Mới,Cho Moi District,chomoi,06
066,Na Rì,Na Ri,nr,Huyện Na Rì,Na Ri District,nari,06
070,Tuyên Quang,Tuyen Quang,tq,Thành phố Tuyên Quang,Tuyen Quang City,tuyenquang,08
071,Lâm Bình,Lam Binh,lb,Huyện Lâm Bình,Lam Binh District,lambinh,08
072,Na Hang,Na Hang,nh,Huyện Na Hang,Na Hang District,nahang,08
073,Chiêm Hóa,Chiem Hoa,ch,Huyện Chiêm Hóa,Chiem Hoa District,chiemhoa,08
074,Hàm Yên,Ham Yen,hy,Huyện Hàm Yên,Ham Yen District,hamyen,08
075,Yên Sơn,Yen Son,ys,Huyện Yên Sơn,Yen Son District,yenson,08
076,Sơn Dương,Son Duong,sd,Huyện Sơn Dương,Son Duong District,sonduong,08
080,Lào Cai,Lao Cai,lc,Thành phố Lào Cai,Lao Cai City,laocai,10
082,Bát Xát,Bat Xat,bx,Huyện Bát Xát,Bat Xat District,batxat,10
083,Mường Khương,Muong Khuong,mk,Huyện Mường Khương,Muong Khuong District,muongkhuong,10
084,Si Ma Cai,Si Ma Cai,sm,Huyện Si Ma Cai,Si Ma Cai District,simacai,10
085,Bắc Hà,Bac Ha,bh,Huyện Bắc Hà,Bac Ha District,bacha,10
086,Bảo Thắng,Bao Thang,bt,Huyện Bảo Thắng,Bao Thang District,baothang,10
087,Bảo Yên,Bao Yen,by,Huyện Bảo Yên,Bao Yen District,baoyen,10
088,Sa Pa,Sa Pa,sp,Thị xã Sa Pa,Sa Pa Town,sapa,10
089,Văn Bàn,Van Ban,vb,Huyện Văn Bàn,Van Ban District,vanban,10
094,Điện Biên Phủ,Dien Bien Phu,db,Thành phố Điện Biên Phủ,Dien Bien Phu City,dienbienphu,11
095,Mường Lay,Muong Lay,ml,Thị xã Mường Lay,Muong Lay Town,muonglay,11
096,Mường Nhé,Muong Nhe,mn,Huyện Mường Nhé,Muong Nhe District,muongnhe,11
097,Mường Chà,Muong Cha,mc,Huyện Mường Chà,Muong Cha District,muongcha,11
098,Tủa Chùa,Tua Chua,tc,Huyện Tủa Chùa,Tua Chua District,tuachua,11
099,Tuần Giáo,Tuan Giao,tg,Huyện Tuần Giáo,Tuan Giao District,tuangiao,11
100,Điện Biên,Dien Bien,db,Huyện Điện Biên,Dien Bien District,dienbien,11
101,Điện Biên Đông,Dien Bien Dong,dbd,Huyện Điện Biên Đông,Dien Bien Dong District,dienbiendong,11
102,Mường Ảng,Muong Ang,ma,Huyện Mường Ảng,Muong Ang District,muongang,11
103,Nậm Pồ,Nam Po,np,Huyện Nậm Pồ,Nam Po District,nampo,11
105,Lai Châu,Lai Chau,lc,Thành phố Lai Châu,Lai Chau City,laichau,12
106,Tam Đường,Tam Duong,td,Huyện Tam Đường,Tam Duong District,tamduong,12
107,Mường Tè,Muong Te,mt,Huyện Mường Tè,Muong Te District,muongte,12
108,Sìn Hồ,Sin Ho,sh,Huyện Sìn Hồ,Sin Ho District,sinho,12
109,Phong Thổ,Phong Tho,pt,Huyện Phong Thổ,Phong Tho District,phongtho,12
110,Than Uyên,Than Uyen,tu,Huyện Than Uyên,Than Uyen District,thanuyen,12
111,Tân Uyên,Tan Uyen,tu,Huyện Tân Uyên,Tan Uyen District,tanuyen,12
112,Nậm Nhùn,Nam Nhun,nn,Huyện Nậm Nhùn,Nam Nhun District,namnhun,12
116,Sơn La,Son La,sl,Thành phố Sơn La,Son La City,sonla,14
118,Quỳnh Nhai,Quynh Nhai,qn,Huyện Quỳnh Nhai,Quynh Nhai District,quynhnhai,14
119,Thuận Châu,Thuan Chau,tc,Huyện Thuận Châu,Thuan Chau District,thuanchau,14
120,Mường La,Muong La,ml,Huyện Mường La,Muong La District,muongla,14
121,Bắc Yên,Bac Yen,by,Huyện Bắc Yên,Bac Yen District,bacyen,14
122,Phù Yên,Phu Yen,py,Huyện Phù Yên,Phu Yen District,phuyen,14
123,Mộc Châu,Moc Chau,mc,Huyện Mộc Châu,Moc Chau District,mocchau,14
124,Yên Châu,Yen Chau,yc,Huyện Yên Châu,Yen Chau District,yenchau,14
125,Mai Sơn,Mai Son,ms,Huyện Mai Sơn,Mai Son District,maison,14
126,Sông Mã,Song Ma,sm,Huyện Sông Mã,Song Ma District,songma,14
127,Sốp Cộp,Sop Cop,sc,Huyện Sốp Cộp,Sop Cop District,sopcop,14
128,Vân Hồ,Van Ho,vh,Huyện Vân Hồ,Van Ho District,vanho,14
132,Yên Bái,Yen Bai,yb,Thành phố Yên Bái,Yen Bai City,yenbai,15
133,Nghĩa Lộ,Nghia Lo,nl,Thị xã Nghĩa Lộ,Nghia Lo Town,nghialo,15
135,Lục Yên,Luc Yen,ly,Huyện Lục Yên,Luc Yen District,lucyen,15
136,Văn Yên,Van Yen,vy,Huyện Văn Yên,Van Yen District,vanyen,15
137,Mù Căng Chải,Mu Cang Chai,mcc,Huyện Mù Căng Chải,Mu Cang Chai District,mucangchai,15
138,Trấn Yên,Tran Yen,ty,Huyện Trấn Yên,Tran Yen District,tranyen,15
139,Trạm Tấu,Tram Tau,tt,Huyện Trạm Tấu,Tram Tau District,tramtau,15
140,Văn Chấn,Van Chan,vc,Huyện Văn Chấn,Van Chan District,vanchan,15
141,Yên Bình,Yen Binh,yb,Huyện Yên Bình,Yen Binh District,yenbinh,15
148,Hòa Bình,Hoa Binh,hb,Thành phố Hòa Bình,Hoa Binh City,hoabinh,17
150,Đà Bắc,Da Bac,db,Huyện Đà Bắc,Da Bac District,dabac,17
152,Lương Sơn,Luong Son,ls,Huyện Lương Sơn,Luong Son District,luongson,17
153,Kim Bôi,Kim Boi,kb,Huyện Kim Bôi,Kim Boi District,kimboi,17
154,Cao Phong,Cao Phong,cp,Huyện Cao Phong,Cao Phong District,caophong,17
155,Tân Lạc,Tan Lac,tl,Huyện Tân Lạc,Tan Lac District,tanlac,17
156,Mai Châu,Mai Chau,mc,Huyện Mai Châu,Mai Chau District,maichau,17
157,Lạc Sơn,Lac Son,ls,Huyện Lạc Sơn,Lac Son District,lacson,17
158,Yên Thủy,Yen Thuy,yt,Huyện Yên Thủy,Yen Thuy District,yenthuy,17
159,Lạc Thủy,Lac Thuy,lt,Huyện Lạc Thủy,Lac Thuy District,lacthuy,17
164,Thái Nguyên,Thai Nguyen,tn,Thành phố Thái Nguyên,Thai Nguyen City,thainguyen,19
165,Sông Công,Song Cong,sc,Thành phố Sông Công,Song Cong City,songcong,19
167,Định Hóa,Dinh Hoa,dh,Huyện Định Hóa,Dinh Hoa District,dinhhoa,19
168,Phú Lương,Phu Luong,pl,Huyện Phú Lương,Phu Luong District,phuluong,19
169,Đồng Hỷ,Dong Hy,dh,Huyện Đồng Hỷ,Dong Hy District,donghy,19
170,Võ Nhai,Vo Nhai,vn,Huyện Võ Nhai,Vo Nhai District,vonhai,19
171,Đại Từ,Dai Tu,dt,Huyện Đại Từ,Dai Tu District,daitu,19
172,Phổ Yên,Pho Yen,py,Thành phố Phổ Yên,Pho Yen City,phoyen,19
173,Phú Bình,Phu Binh,pb,Huyện Phú Bình,Phu Binh District,phubinh,19
178,Lạng Sơn,Lang Son,ls,Thành phố Lạng Sơn,Lang Son City,langson,20
180,Tràng Định,Trang Dinh,td,Huyện Tràng Định,Trang Dinh District,trangdinh,20
181,Bình Gia,Binh Gia,bg,Huyện Bình Gia,Binh Gia District,binhgia,20
182,Văn Lãng,Van Lang,vl,Huyện Văn Lãng,Van Lang District,vanlang,20
183,Cao Lộc,Cao Loc,cl,Huyện Cao Lộc,Cao Loc District,caoloc,20
184,Văn Quan,Van Quan,vq,Huyện Văn Quan,Van Quan District,vanquan,20
185,Bắc Sơn,Bac Son,bs,Huyện Bắc Sơn,Bac Son District,bacson,20
186,Hữu Lũng,Huu Lung,hl,Huyện Hữu Lũng,Huu Lung District,huulung,20
187,Chi Lăng,Chi Lang,cl,Huyện Chi Lăng,Chi Lang District,chilang,20
188,Lộc Bình,Loc Binh,lb,Huyện Lộc Bình,Loc Binh District,locbinh,20
189,Đình Lập,Dinh Lap,dl,Huyện Đình Lập,Dinh Lap District,dinhlap,20
193,Hạ Long,Ha Long,hl,Thành phố Hạ Long,Ha Long City,halong,22
194,Móng Cái,Mong Cai,mc,Thành phố Móng Cái,Mong Cai City,mongcai,22
195,Cẩm Phả,Cam Pha,cp,Thành phố Cẩm Phả,Cam Pha City,campha,22
196,Uông Bí,Uong Bi,ub,Thành phố Uông Bí,Uong Bi City,uongbi,22
198,Bình Liêu,Binh Lieu,bl,Huyện Bình Liêu,Binh Lieu District,binhlieu,22
199,Tiên Yên,Tien Yen,ty,Huyện Tiên Yên,Tien Yen District,tienyen,22
200,Đầm Hà,Dam Ha,dh,Huyện Đầm Hà,Dam Ha District,damha,22
201,Hải Hà,Hai Ha,hh,Huyện Hải Hà,Hai Ha District,haiha,22
202,Ba Chẽ,Ba Che,bc,Huyện Ba Chẽ,Ba Che District,bache,22
203,Vân Đồn,Van Don,vd,Huyện Vân Đồn,Van Don District,vandon,22
205,Đông Triều,Dong Trieu,dt,Thị xã Đông Triều,Dong Trieu Town,dongtrieu,22
206,Quảng Yên,Quang Yen,qy,Thị xã Quảng Yên,Quang Yen Town,quangyen,22
207,Cô Tô,Co To,ct,Huyện Cô Tô,Co To District,coto,22
213,Bắc Giang,Bac Giang,bg,Thành phố Bắc Giang,Bac Giang City,bacgiang,24
215,Yên Thế,Yen The,yt,Huyện Yên Thế,Yen The District,yenthe,24
216,Tân Yên,Tan Yen,ty,Huyện Tân Yên,Tan Yen District,tanyen,24
217,Lạng Giang,Lang Giang,lg,Huyện Lạng Giang,Lang Giang District,langgiang,24
218,Lục Nam,Luc Nam,ln,Huyện Lục Nam,Luc Nam District,lucnam,24
219,Lục Ngạn,Luc Ngan,ln,Huyện Lục Ngạn,Luc Ngan District,lucngan,24
220,Sơn Động,Son Dong,sd,Huyện Sơn Động,Son Dong District,sondong,24
221,Yên Dũng,Yen Dung,yd,Huyện Yên Dũng,Yen Dung District,yendung,24
222,Việt Yên,Viet Yen,vy,Thị xã Việt Yên,Viet Yen Town,vietyen,24
223,Hiệp Hòa,Hiep Hoa,hh,Huyện Hiệp Hòa,Hiep Hoa District,hiephoa,24
227,Việt Trì,Viet Tri,vt,Thành phố Việt Trì,Viet Tri City,viettri,25
228,Phú Thọ,Phu Tho,pt,Thị xã Phú Thọ,Phu Tho Town,phutho,25
230,Đoan Hùng,Doan Hung,dh,Huyện Đoan Hùng,Doan Hung District,doanhung,25
231,Hạ Hoà,Ha Hoa,hh,Huyện Hạ Hoà,Ha Hoa District,hahoa,25
232,Thanh Ba,Thanh Ba,tb,Huyện Thanh Ba,Thanh Ba District,thanhba,25
233,Phù Ninh,Phu Ninh,pn,Huyện Phù Ninh,Phu Ninh District,phuninh,25
234,Yên Lập,Yen Lap,yl,Huyện Yên Lập,Yen Lap District,yenlap,25
235,Cẩm Khê,Cam Khe,ck,Huyện Cẩm Khê,Cam Khe District,camkhe,25
236,Tam Nông,Tam Nong,tn,Huyện Tam Nông,Tam Nong District,tamnong,25
237,Lâm Thao,Lam Thao,lt,Huyện Lâm Thao,Lam Thao District,lamthao,25
238,Thanh Sơn,Thanh Son,ts,Huyện Thanh Sơn,Thanh Son District,thanhson,25
239,Thanh Thuỷ,Thanh Thuy,tt,Huyện Thanh Thuỷ,Thanh Thuy District,thanhthuy,25
240,Tân Sơn,Tan Son,ts,Huyện Tân Sơn,Tan Son District,tanson,25
243,Vĩnh Yên,Vinh Yen,vy,Thành phố Vĩnh Yên,Vinh Yen City,vinhyen,26
244,Phúc Yên,Phuc Yen,py,Thành phố Phúc Yên,Phuc Yen City,phucyen,26
246,Lập Thạch,Lap Thach,lt,Huyện Lập Thạch,Lap Thach District,lapthach,26
247,Tam Dương,Tam Duong,td,Huyện Tam Dương,Tam Duong District,tamduong,26
248,Tam Đảo,Tam Dao,td,Huyện Tam Đảo,Tam Dao District,tamdao,26
249,Bình Xuyên,Binh Xuyen,bx,Huyện Bình Xuyên,Binh Xuyen District,binhxuyen,26
250,Mê Linh,Me Linh,ml,Huyện Mê Linh,Me Linh District,melinh,01
251,Yên Lạc,Yen Lac,yl,Huyện Yên Lạc,Yen Lac District,yenlac,26
252,Vĩnh Tường,Vinh Tuong,vt,Huyện Vĩnh Tường,Vinh Tuong District,vinhtuong,26
253,Sông Lô,Song Lo,sl,Huyện Sông Lô,Song Lo District,songlo,26
256,Bắc Ninh,Bac Ninh,bn,Thành phố Bắc Ninh,Bac Ninh City,bacninh,27
258,Yên Phong,Yen Phong,yp,Huyện Yên Phong,Yen Phong District,yenphong,27
259,Quế Võ,Que Vo,qv,Thị xã Quế Võ,Que Vo Town,quevo,27
260,Tiên Du,Tien Du,td,Huyện Tiên Du,Tien Du District,tiendu,27
261,Từ Sơn,Tu Son,ts,Thành phố Từ Sơn,Tu Son City,tuson,27
262,Thuận Thành,Thuan Thanh,tt,Thị xã Thuận Thành,Thuan Thanh Town,thuanthanh,27
263,Gia Bình,Gia Binh,gb,Huyện Gia Bình,Gia Binh District,giabinh,27
264,Lương Tài,Luong Tai,lt,Huyện Lương Tài,Luong Tai District,luongtai,27
268,Hà Đông,Ha Dong,hd,Quận Hà Đông,Ha Dong District,hadong,01
269,Sơn Tây,Son Tay,st,Thị xã Sơn Tây,Son Tay Town,sontay,01
271,Ba Vì,Ba Vi,bv,Huyện Ba Vì,Ba Vi District,bavi,01
272,Phúc Thọ,Phuc Tho,pt,Huyện Phúc Thọ,Phuc Tho District,phuctho,01
273,Đan Phượng,Dan Phuong,dp,Huyện Đan Phượng,Dan Phuong District,danphuong,01
274,Hoài Đức,Hoai Duc,hd,Huyện Hoài Đức,Hoai Duc District,hoaiduc,01
275,Quốc Oai,Quoc Oai,qo,Huyện Quốc Oai,Quoc Oai District,quocoai,01
276,Thạch Thất,Thach That,tt,Huyện Thạch Thất,Thach That District,thachthat,01
277,Chương Mỹ,Chuong My,cm,Huyện Chương Mỹ,Chuong My District,chuongmy,01
278,Thanh Oai,Thanh Oai,to,Huyện Thanh Oai,Thanh Oai District,thanhoai,01
279,Thường Tín,Thuong Tin,tt,Huyện Thường Tín,Thuong Tin District,thuongtin,01
280,Phú Xuyên,Phu Xuyen,px,Huyện Phú Xuyên,Phu Xuyen District,phuxuyen,01
281,Ứng Hòa,Ung Hoa,uh,Huyện Ứng Hòa,Ung Hoa District,unghoa,01
282,Mỹ Đức,My Duc,md,Huyện Mỹ Đức,My Duc District,myduc,01
288,Hải Dương,Hai Duong,hd,Thành phố Hải Dương,Hai Duong City,haiduong,30
290,Chí Linh,Chi Linh,cl,Thành phố Chí Linh,Chi Linh City,chilinh,30
291,Nam Sách,Nam Sach,ns,Huyện Nam Sách,Nam Sach District,namsach,30
292,Kinh Môn,Kinh Mon,km,Thị xã Kinh Môn,Kinh Mon Town,kinhmon,30
293,Kim Thành,Kim Thanh,kt,Huyện Kim Thành,Kim Thanh District,kimthanh,30
294,Thanh Hà,Thanh Ha,th,Huyện Thanh Hà,Thanh Ha District,thanhha,30
295,Cẩm Giàng,Cam Giang,cg,Huyện Cẩm Giàng,Cam Giang District,camgiang,30
296,Bình Giang,Binh Giang,bg,Huyện Bình Giang,Binh Giang District,binhgiang,30
297,Gia Lộc,Gia Loc,gl,Huyện Gia Lộc,Gia Loc District,gialoc,30
298,Tứ Kỳ,Tu Ky,tk,Huyện Tứ Kỳ,Tu Ky District,tuky,30
299,Ninh Giang,Ninh Giang,ng,Huyện Ninh Giang,Ninh Giang District,ninhgiang,30
300,Thanh Miện,Thanh Mien,tm,Huyện Thanh Miện,Thanh Mien District,thanhmien,30
303,Hồng Bàng,Hong Bang,hb,Quận Hồng Bàng,Hong Bang District,hongbang,31
304,Ngô Quyền,Ngo Quyen,nq,Quận Ngô Quyền,Ngo Quyen District,ngoquyen,31
305,Lê Chân,Le Chan,lc,Quận Lê Chân,Le Chan District,lechan,31
306,Hải An,Hai An,ha,Quận Hải An,Hai An District,haian,31
307,Kiến An,Kien An,ka,Quận Kiến An,Kien An District,kienan,31
308,Đồ Sơn,Do Son,ds,Quận Đồ Sơn,Do Son District,doson,31
309,Dương Kinh,Duong Kinh,dk,Quận Dương Kinh,Duong Kinh District,duongkinh,31
311,Thuỷ Nguyên,Thuy Nguyen,tn,Huyện Thuỷ Nguyên,Thuy Nguyen District,thuynguyen,31
312,An Dương,An Duong,ad,Huyện An Dương,An Duong District,anduong,31
313,An Lão,An Lao,al,Huyện An Lão,An Lao District,anlao,31
314,Kiến Thuỵ,Kien Thuy,kt,Huyện Kiến Thuỵ,Kien Thuy District,kienthuy,31
315,Tiên Lãng,Tien Lang,tl,Huyện Tiên Lãng,Tien Lang District,tienlang,31
316,Vĩnh Bảo,Vinh Bao,vb,Huyện Vĩnh Bảo,Vinh Bao District,vinhbao,31
317,Cát Hải,Cat Hai,ch,Huyện Cát Hải,Cat Hai District,cathai,31
323,Hưng Yên,Hung Yen,hy,Thành phố Hưng Yên,Hung Yen City,hungyen,33
325,Văn Lâm,Van Lam,vl,Huyện Văn Lâm,Van Lam District,vanlam,33
326,Văn Giang,Van Giang,vg,Huyện Văn Giang,Van Giang District,vangiang,33
327,Yên Mỹ,Yen My,ym,Huyện Yên Mỹ,Yen My District,yenmy,33
328,Mỹ Hào,My Hao,mh,Thị xã Mỹ Hào,My Hao Town,myhao,33
329,Ân Thi,An Thi,at,Huyện Ân Thi,An Thi District,anthi,33
330,Khoái Châu,Khoai Chau,kc,Huyện Khoái Châu,Khoai Chau District,khoaichau,33
331,Kim Động,Kim Dong,kd,Huyện Kim Động,Kim Dong District,kimdong,33
332,Tiên Lữ,Tien Lu,tl,Huyện Tiên Lữ,Tien Lu District,tienlu,33
333,Phù Cừ,Phu Cu,pc,Huyện Phù Cừ,Phu Cu District,phucu,33
336,Thái Bình,Thai Binh,tb,Thành phố Thái Bình,Thai Binh City,thaibinh,34
338,Quỳnh Phụ,Quynh Phu,qp,Huyện Quỳnh Phụ,Quynh Phu District,quynhphu,34
339,Hưng Hà,Hung Ha,hh,Huyện Hưng Hà,Hung Ha District,hungha,34
340,Đông Hưng,Dong Hung,dh,Huyện Đông Hưng,Dong Hung District,donghung,34
341,Thái Thụy,Thai Thuy,tt,Huyện Thái Thụy,Thai Thuy District,thaithuy,34
342,Tiền Hải,Tien Hai,th,Huyện Tiền Hải,Tien Hai District,tienhai,34
343,Kiến Xương,Kien Xuong,kx,Huyện Kiến Xương,Kien Xuong District,kienxuong,34
344,Vũ Thư,Vu Thu,vt,Huyện Vũ Thư,Vu Thu District,vuthu,34
347,Phủ Lý,Phu Ly,pl,Thành phố Phủ Lý,Phu Ly City,phuly,35
349,Duy Tiên,Duy Tien,dt,Thị xã Duy Tiên,Duy Tien Town,duytien,35
350,Kim Bảng,Kim Bang,kb,Huyện Kim Bảng,Kim Bang District,kimbang,35
351,Thanh Liêm,Thanh Liem,tl,Huyện Thanh Liêm,Thanh Liem District,thanhliem,35
352,Bình Lục,Binh Luc,bl,Huyện Bình Lục,Binh Luc District,binhluc,35
353,Lý Nhân,Ly Nhan,ln,Huyện Lý Nhân,Ly Nhan District,lynhan,35
356,Nam Định,Nam Dinh,nd,Thành phố Nam Định,Nam Dinh City,namdinh,36
358,Mỹ Lộc,My Loc,ml,Huyện Mỹ Lộc,My Loc District,myloc,36
359,Vụ Bản,Vu Ban,vb,Huyện Vụ Bản,Vu Ban District,vuban,36
360,Ý Yên,Y Yen,yy,Huyện Ý Yên,Y Yen District,yyen,36
361,Nghĩa Hưng,Nghia Hung,nh,Huyện Nghĩa Hưng,Nghia Hung District,nghiahung,36
362,Nam Trực,Nam Truc,nt,Huyện Nam Trực,Nam Truc District,namtruc,36
363,Trực Ninh,Truc Ninh,tn,Huyện Trực Ninh,Truc Ninh District,trucninh,36
364,Xuân Trường,Xuan Truong,xt,Huyện Xuân Trường,Xuan Truong District,xuantruong,36
365,Giao Thủy,Giao Thuy,gt,Huyện Giao Thủy,Giao Thuy District,giaothuy,36
366,Hải Hậu,Hai Hau,hh,Huyện Hải Hậu,Hai Hau District,haihau,36
369,Ninh Bình,Ninh Binh,nb,Thành phố Ninh Bình,Ninh Binh City,ninhbinh,37
370,Tam Điệp,Tam Diep,td,Thành phố Tam Điệp,Tam Diep City,tamdiep,37
372,Nho Quan,Nho Quan,nq,Huyện Nho Quan,Nho Quan District,nhoquan,37
373,Gia Viễn,Gia Vien,gv,Huyện Gia Viễn,Gia Vien District,giavien,37
374,Hoa Lư,Hoa Lu,hl,Huyện Hoa Lư,Hoa Lu District,hoalu,37
375,Yên Khánh,Yen Khanh,yk,Huyện Yên Khánh,Yen Khanh District,yenkhanh,37
376,Kim Sơn,Kim Son,ks,Huyện Kim Sơn,Kim Son District,kimson,37
377,Yên Mô,Yen Mo,ym,Huyện Yên Mô,Yen Mo District,yenmo,37
380,Thanh Hóa,Thanh Hoa,th,Thành phố Thanh Hóa,Thanh Hoa City,thanhhoa,38
381,Bỉm Sơn,Bim Son,bs,Thị xã Bỉm Sơn,Bim Son Town,bimson,38
382,Sầm Sơn,Sam Son,ss,Thành phố Sầm Sơn,Sam Son City,samson,38
384,Mường Lát,Muong Lat,ml,Huyện Mường Lát,Muong Lat District,muonglat,38
385,Quan Hóa,Quan Hoa,qh,Huyện Quan Hóa,Quan Hoa District,quanhoa,38
386,Bá Thước,Ba Thuoc,bt,Huyện Bá Thước,Ba Thuoc District,bathuoc,38
387,Quan Sơn,Quan Son,qs,Huyện Quan Sơn,Quan Son District,quanson,38
388,Lang Chánh,Lang Chanh,lc,Huyện Lang Chánh,Lang Chanh District,langchanh,38
389,Ngọc Lặc,Ngoc Lac,nl,Huyện Ngọc Lặc,Ngoc Lac District,ngoclac,38
390,Cẩm Thủy,Cam Thuy,ct,Huyện Cẩm Thủy,Cam Thuy District,camthuy,38
391,Thạch Thành,Thach Thanh,tt,Huyện Thạch Thành,Thach Thanh District,thachthanh,38
392,Hà Trung,Ha Trung,ht,Huyện Hà Trung,Ha Trung District,hatrung,38
393,Vĩnh Lộc,Vinh Loc,vl,Huyện Vĩnh Lộc,Vinh Loc District,vinhloc,38
394,Yên Định,Yen Dinh,yd,Huyện Yên Định,Yen Dinh District,yendinh,38
395,Thọ Xuân,Tho Xuan,tx,Huyện Thọ Xuân,Tho Xuan District,thoxuan,38
396,Thường Xuân,Thuong Xuan,tx,Huyện Thường Xuân,Thuong Xuan District,thuongxuan,38
397,Triệu Sơn,Trieu Son,ts,Huyện Triệu Sơn,Trieu Son District,trieuson,38
398,Thiệu Hóa,Thieu Hoa,th,Huyện Thiệu Hóa,Thieu Hoa District,thieuhoa,38
399,Hoằng Hóa,Hoang Hoa,hh,Huyện Hoằng Hóa,Hoang Hoa District,hoanghoa,38
400,Hậu Lộc,Hau Loc,hl,Huyện Hậu Lộc,Hau Loc District,hauloc,38
401,Nga Sơn,Nga Son,ns,Huyện Nga Sơn,Nga Son District,ngason,38
402,Như Xuân,Nhu Xuan,nx,Huyện Như Xuân,Nhu Xuan District,nhuxuan,38
403,Như Thanh,Nhu Thanh,nt,Huyện Như Thanh,Nhu Thanh District,nhuthanh,38
404,Nông Cống,Nong Cong,nc,Huyện Nông Cống,Nong Cong District,nongcong,38
405,Đông Sơn,Dong Son,ds,Huyện Đông Sơn,Dong Son District,dongson,38
406,Quảng Xương,Quang Xuong,qx,Huyện Quảng Xương,Quang Xuong District,quangxuong,38
407,Nghi Sơn,Nghi Son,ns,Thị xã Nghi Sơn,Nghi Son Town,nghison,38
412,Vinh,Vinh,vv,Thành phố Vinh,Vinh City,vinh,40
413,Cửa Lò,Cua Lo,cl,Thị xã Cửa Lò,Cua Lo Town,cualo,40
414,Thái Hoà,Thai Hoa,th,Thị xã Thái Hoà,Thai Hoa Town,thaihoa,40
415,Quế Phong,Que Phong,qp,Huyện Quế Phong,Que Phong District,quephong,40
416,Quỳ Châu,Quy Chau,qc,Huyện Quỳ Châu,Quy Chau District,quychau,40
417,Kỳ Sơn,Ky Son,ks,Huyện Kỳ Sơn,Ky Son District,kyson,40
418,Tương Dương,Tuong Duong,td,Huyện Tương Dương,Tuong Duong District,tuongduong,40
419,Nghĩa Đàn,Nghia Dan,nd,Huyện Nghĩa Đàn,Nghia Dan District,nghiadan,40
420,Quỳ Hợp,Quy Hop,qh,Huyện Quỳ Hợp,Quy Hop District,quyhop,40
421,Quỳnh Lưu,Quynh Luu,ql,Huyện Quỳnh Lưu,Quynh Luu District,quynhluu,40
422,Con Cuông,Con Cuong,cc,Huyện Con Cuông,Con Cuong District,concuong,40
423,Tân Kỳ,Tan Ky,tk,Huyện Tân Kỳ,Tan Ky District,tanky,40
424,Anh Sơn,Anh Son,as,Huyện Anh Sơn,Anh Son District,anhson,40
425,Diễn Châu,Dien Chau,dc,Huyện Diễn Châu,Dien Chau District,dienchau,40
426,Yên Thành,Yen Thanh,yt,Huyện Yên Thành,Yen Thanh District,yenthanh,40
427,Đô Lương,Do Luong,dl,Huyện Đô Lương,Do Luong District,doluong,40
428,Thanh Chương,Thanh Chuong,tc,Huyện Thanh Chương,Thanh Chuong District,thanhchuong,40
429,Nghi Lộc,Nghi Loc,nl,Huyện Nghi Lộc,Nghi Loc District,nghiloc,40
430,Nam Đàn,Nam Dan,nd,Huyện Nam Đàn,Nam Dan District,namdan,40
431,Hưng Nguyên,Hung Nguyen,hn,Huyện Hưng Nguyên,Hung Nguyen District,hungnguyen,40
432,Hoàng Mai,Hoang Mai,hm,Thị xã Hoàng Mai,Hoang Mai Town,hoangmai,40
436,Hà Tĩnh,Ha Tinh,ht,Thành phố Hà Tĩnh,Ha Tinh City,hatinh,42
437,Hồng Lĩnh,Hong Linh,hl,Thị xã Hồng Lĩnh,Hong Linh Town,honglinh,42
439,Hương Sơn,Huong Son,hs,Huyện Hương Sơn,Huong Son District,huongson,42
440,Đức Thọ,Duc Tho,dt,Huyện Đức Thọ,Duc Tho District,ductho,42
441,Vũ Quang,Vu Quang,vq,Huyện Vũ Quang,Vu Quang District,vuquang,42
442,Nghi Xuân,Nghi Xuan,nx,Huyện Nghi Xuân,Nghi Xuan District,nghixuan,42
443,Can Lộc,Can Loc,cl,Huyện Can Lộc,Can Loc District,canloc,42
444,Hương Khê,Huong Khe,hk,Huyện Hương Khê,Huong Khe District,huongkhe,42
445,Thạch Hà,Thach Ha,th,Huyện Thạch Hà,Thach Ha District,thachha,42
446,Cẩm Xuyên,Cam Xuyen,cx,Huyện Cẩm Xuyên,Cam Xuyen District,camxuyen,42
447,Kỳ Anh,Ky Anh,ka,Huyện Kỳ Anh,Ky Anh District,kyanh,42
448,Lộc Hà,Loc Ha,lh,Huyện Lộc Hà,Loc Ha District,locha,42
449,Kỳ Anh,Ky Anh,ka,Thị xã Kỳ Anh,Ky Anh Town,kyanh,42
450,Đồng Hới,Dong Hoi,dh,Thành phố Đồng Hới,Dong Hoi City,donghoi,44
452,Minh Hóa,Minh Hoa,mh,Huyện Minh Hóa,Minh Hoa District,minhhoa,44
453,Tuyên Hóa,Tuyen Hoa,th,Huyện Tuyên Hóa,Tuyen Hoa District,tuyenhoa,44
454,Quảng Trạch,Quang Trach,qt,Huyện Quảng Trạch,Quang Trach District,quangtrach,44
455,Bố Trạch,Bo Trach,bt,Huyện Bố Trạch,Bo Trach District,botrach,44
456,Quảng Ninh,Quang Ninh,qn,Huyện Quảng Ninh,Quang Ninh District,quangninh,44
457,Lệ Thủy,Le Thuy,lt,Huyện Lệ Thủy,Le Thuy District,lethuy,44
458,Ba Đồn,Ba Don,bd,Thị xã Ba Đồn,Ba Don Town,badon,44
461,Đông Hà,Dong Ha,dh,Thành phố Đông Hà,Dong Ha City,dongha,45
462,Quảng Trị,Quang Tri,qt,Thị xã Quảng Trị,Quang Tri Town,quangtri,45
464,Vĩnh Linh,Vinh Linh,vl,Huyện Vĩnh Linh,Vinh Linh District,vinhlinh,45
465,Hướng Hóa,Huong Hoa,hh,Huyện Hướng Hóa,Huong Hoa District,huonghoa,45
466,Gio Linh,Gio Linh,gl,Huyện Gio Linh,Gio Linh District,giolinh,45
467,Đa Krông,Da Krong,dk,Huyện Đa Krông,Da Krong District,dakrong,45
468,Cam Lộ,Cam Lo,cl,Huyện Cam Lộ,Cam Lo District,camlo,45
469,Triệu Phong,Trieu Phong,tp,Huyện Triệu Phong,Trieu Phong District,trieuphong,45
470,Hải Lăng,Hai Lang,hl,Huyện Hải Lăng,Hai Lang District,hailang,45
474,Huế,Hue,hh,Thành phố Huế,Hue City,hue,46
476,Phong Điền,Phong Dien,pd,Huyện Phong Điền,Phong Dien District,phongdien,46
477,Quảng Điền,Quang Dien,qd,Huyện Quảng Điền,Quang Dien District,quangdien,46
478,Phú Vang,Phu Vang,pv,Huyện Phú Vang,Phu Vang District,phuvang,46
479,Hương Thủy,Huong Thuy,ht,Thị xã Hương Thủy,Huong Thuy Town,huongthuy,46
480,Hương Trà,Huong Tra,ht,Thị xã Hương Trà,Huong Tra Town,huongtra,46
481,A Lưới,A Luoi,al,Huyện A Lưới,A Luoi District,aluoi,46
482,Phú Lộc,Phu Loc,pl,Huyện Phú Lộc,Phu Loc District,phuloc,46
483,Nam Đông,Nam Dong,nd,Huyện Nam Đông,Nam Dong District,namdong,46
490,Liên Chiểu,Lien Chieu,lc,Quận Liên Chiểu,Lien Chieu District,lienchieu,48
491,Thanh Khê,Thanh Khe,tk,Quận Thanh Khê,Thanh Khe District,thanhkhe,48
492,Hải Châu,Hai Chau,hc,Quận Hải Châu,Hai Chau District,haichau,48
493,Sơn Trà,Son Tra,st,Quận Sơn Trà,Son Tra District,sontra,48
494,Ngũ Hành Sơn,Ngu Hanh Son,nhs,Quận Ngũ Hành Sơn,Ngu Hanh Son District,nguhanhson,48
495,Cẩm Lệ,Cam Le,cl,Quận Cẩm Lệ,Cam Le District,camle,48
497,Hòa Vang,Hoa Vang,hv,Huyện Hòa Vang,Hoa Vang District,hoavang,48
502,Tam Kỳ,Tam Ky,tk,Thành phố Tam Kỳ,Tam Ky City,tamky,49
503,Hội An,Hoi An,ha,Thành phố Hội An,Hoi An City,hoian,49
504,Tây Giang,Tay Giang,tg,Huyện Tây Giang,Tay Giang District,taygiang,49
505,Đông Giang,Dong Giang,dg,Huyện Đông Giang,Dong Giang District,donggiang,49
506,Đại Lộc,Dai Loc,dl,Huyện Đại Lộc,Dai Loc District,dailoc,49
507,Điện Bàn,Dien Ban,db,Thị xã Điện Bàn,Dien Ban Town,dienban,49
508,Duy Xuyên,Duy Xuyen,dx,Huyện Duy Xuyên,Duy Xuyen District,duyxuyen,49
509,Quế Sơn,Que Son,qs,Huyện Quế Sơn,Que Son District,queson,49
510,Nam Giang,Nam Giang,ng,Huyện Nam Giang,Nam Giang District,namgiang,49
511,Phước Sơn,Phuoc Son,ps,Huyện Phước Sơn,Phuoc Son District,phuocson,49
512,Hiệp Đức,Hiep Duc,hd,Huyện Hiệp Đức,Hiep Duc District,hiepduc,49
513,Thăng Bình,Thang Binh,tb,Huyện Thăng Bình,Thang Binh District,thangbinh,49
514,Tiên Phước,Tien Phuoc,tp,Huyện Tiên Phước,Tien Phuoc District,tienphuoc,49
515,Bắc Trà My,Bac Tra My,bt,Huyện Bắc Trà My,Bac Tra My District,bactramy,49
516,Nam Trà My,Nam Tra My,nt,Huyện Nam Trà My,Nam Tra My District,namtramy,49
517,Núi Thành,Nui Thanh,nt,Huyện Núi Thành,Nui Thanh District,nuithanh,49
518,Phú Ninh,Phu Ninh,pn,Huyện Phú Ninh,Phu Ninh District,phuninh,49
519,Nông Sơn,Nong Son,ns,Huyện Nông Sơn,Nong Son District,nongson,49
522,Quảng Ngãi,Quang Ngai,qn,Thành phố Quảng Ngãi,Quang Ngai City,quangngai,51
524,Bình Sơn,Binh Son,bs,Huyện Bình Sơn,Binh Son District,binhson,51
525,Trà Bồng,Tra Bong,tb,Huyện Trà Bồng,Tra Bong District,trabong,51
527,Sơn Tịnh,Son Tinh,st,Huyện Sơn Tịnh,Son Tinh District,sontinh,51
528,Tư Nghĩa,Tu Nghia,tn,Huyện Tư Nghĩa,Tu Nghia District,tunghia,51
529,Sơn Hà,Son Ha,sh,Huyện Sơn Hà,Son Ha District,sonha,51
530,Sơn Tây,Son Tay,st,Huyện Sơn Tây,Son Tay District,sontay,51
531,Minh Long,Minh Long,ml,Huyện Minh Long,Minh Long District,minhlong,51
532,Nghĩa Hành,Nghia Hanh,nh,Huyện Nghĩa Hành,Nghia Hanh District,nghiahanh,51
533,Mộ Đức,Mo Duc,md,Huyện Mộ Đức,Mo Duc District,moduc,51
534,Đức Phổ,Duc Pho,dp,Thị xã Đức Phổ,Duc Pho Town,ducpho,51
535,Ba Tơ,Ba To,bt,Huyện Ba Tơ,Ba To District,bato,51
540,Quy Nhơn,Quy Nhon,qn,Thành phố Quy Nhơn,Quy Nhon City,quynhon,52
542,An Lão,An Lao,al,Huyện An Lão,An Lao District,anlao,52
543,Hoài Nhơn,Hoai Nhon,hn,Thị xã Hoài Nhơn,Hoai Nhon Town,hoainhon,52
544,Hoài Ân,Hoai An,ha,Huyện Hoài Ân,Hoai An District,hoaian,52
545,Phù Mỹ,Phu My,pm,Huyện Phù Mỹ,Phu My District,phumy,52
546,Vĩnh Thạnh,Vinh Thanh,vt,Huyện Vĩnh Thạnh,Vinh Thanh District,vinhthanh,52
547,Tây Sơn,Tay Son,ts,Huyện Tây Sơn,Tay Son District,tayson,52
548,Phù Cát,Phu Cat,pc,Huyện Phù Cát,Phu Cat District,phucat,52
549,An Nhơn,An Nhon,an,Thị xã An Nhơn,An Nhon Town,annhon,52
550,Tuy Phước,Tuy Phuoc,tp,Huyện Tuy Phước,Tuy Phuoc District,tuyphuoc,52
551,Vân Canh,Van Canh,vc,Huyện Vân Canh,Van Canh District,vancanh,52
555,Tuy Hoà,Tuy Hoa,th,Thành phố Tuy Hoà,Tuy Hoa City,tuyhoa,54
557,Sông Cầu,Song Cau,sc,Thị xã Sông Cầu,Song Cau Town,songcau,54
558,Đồng Xuân,Dong Xuan,dx,Huyện Đồng Xuân,Dong Xuan District,dongxuan,54
559,Tuy An,Tuy An,ta,Huyện Tuy An,Tuy An District,tuyan,54
560,Sơn Hòa,Son Hoa,sh,Huyện Sơn Hòa,Son Hoa District,sonhoa,54
561,Sông Hinh,Song Hinh,sh,Huyện Sông Hinh,Song Hinh District,songhinh,54
562,Tây Hoà,Tay Hoa,th,Huyện Tây Hoà,Tay Hoa District,tayhoa,54
563,Phú Hoà,Phu Hoa,ph,Huyện Phú Hoà,Phu Hoa District,phuhoa,54
564,Đông Hòa,Dong Hoa,dh,Thị xã Đông Hòa,Dong Hoa Town,donghoa,54
568,Nha Trang,Nha Trang,nt,Thành phố Nha Trang,Nha Trang City,nhatrang,56
569,Cam Ranh,Cam Ranh,cr,Thành phố Cam Ranh,Cam Ranh City,camranh,56
570,Cam Lâm,Cam Lam,cl,Huyện Cam Lâm,Cam Lam District,camlam,56
571,Vạn Ninh,Van Ninh,vn,Huyện Vạn Ninh,Van Ninh District,vanninh,56
572,Ninh Hòa,Ninh Hoa,nh,Thị xã Ninh Hòa,Ninh Hoa Town,ninhhoa,56
573,Khánh Vĩnh,Khanh Vinh,kv,Huyện Khánh Vĩnh,Khanh Vinh District,khanhvinh,56
574,Diên Khánh,Dien Khanh,dk,Huyện Diên Khánh,Dien Khanh District,dienkhanh,56
575,Khánh Sơn,Khanh Son,ks,Huyện Khánh Sơn,Khanh Son District,khanhson,56
576,Trường Sa,Truong Sa,ts,Huyện Trường Sa,Truong Sa District,truongsa,56
582,Phan Rang-Tháp Chàm,Phan Rang-Thap Cham,pr,Thành phố Phan Rang-Tháp Chàm,Phan Rang-Thap Cham City,phanrang-thapcham,58
584,Bác Ái,Bac Ai,ba,Huyện Bác Ái,Bac Ai District,bacai,58
585,Ninh Sơn,Ninh Son,ns,Huyện Ninh Sơn,Ninh Son District,ninhson,58
586,Ninh Hải,Ninh Hai,nh,Huyện Ninh Hải,Ninh Hai District,ninhhai,58
587,Ninh Phước,Ninh Phuoc,np,Huyện Ninh Phước,Ninh Phuoc District,ninhphuoc,58
588,Thuận Bắc,Thuan Bac,tb,Huyện Thuận Bắc,Thuan Bac District,thuanbac,58
589,Thuận Nam,Thuan Nam,tn,Huyện Thuận Nam,Thuan Nam District,thuannam,58
593,Phan Thiết,Phan Thiet,pt,Thành phố Phan Thiết,Phan Thiet City,phanthiet,60
594,La Gi,La Gi,lg,Thị xã La Gi,La Gi Town,lagi,60
595,Tuy Phong,Tuy Phong,tp,Huyện Tuy Phong,Tuy Phong District,tuyphong,60
596,Bắc Bình,Bac Binh,bb,Huyện Bắc Bình,Bac Binh District,bacbinh,60
597,Hàm Thuận Bắc,Ham Thuan Bac,htb,Huyện Hàm Thuận Bắc,Ham Thuan Bac District,hamthuanbac,60
598,Hàm Thuận Nam,Ham Thuan Nam,htn,Huyện Hàm Thuận Nam,Ham Thuan Nam District,hamthuannam,60
599,Tánh Linh,Tanh Linh,tl,Huyện Tánh Linh,Tanh Linh District,tanhlinh,60
600,Đức Linh,Duc Linh,dl,Huyện Đức Linh,Duc Linh District,duclinh,60
601,Hàm Tân,Ham Tan,ht,Huyện Hàm Tân,Ham Tan District,hamtan,60
602,Phú Quí,Phu Qui,pq,Huyện Phú Quí,Phu Qui District,phuqui,60
608,Kon Tum,Kon Tum,kt,Thành phố Kon Tum,Kon Tum City,kontum,62
610,Đắk Glei,Dak Glei,dg,Huyện Đắk Glei,Dak Glei District,dakglei,62
611,Ngọc Hồi,Ngoc Hoi,nh,Huyện Ngọc Hồi,Ngoc Hoi District,ngochoi,62
612,Đắk Tô,Dak To,dt,Huyện Đắk Tô,Dak To District,dakto,62
613,Kon Plông,Kon Plong,kp,Huyện Kon Plông,Kon Plong District,konplong,62
614,Kon Rẫy,Kon Ray,kr,Huyện Kon Rẫy,Kon Ray District,konray,62
615,Đắk Hà,Dak Ha,dh,Huyện Đắk Hà,Dak Ha District,dakha,62
616,Sa Thầy,Sa Thay,st,Huyện Sa Thầy,Sa Thay District,sathay,62
617,Tu Mơ Rông,Tu Mo Rong,tmr,Huyện Tu Mơ Rông,Tu Mo Rong District,tumorong,62
618,Ia H' Drai,Ia H' Drai,ih,Huyện Ia H' Drai,Ia H' Drai District,iahdrai,62
622,Pleiku,Pleiku,pp,Thành phố Pleiku,Pleiku City,pleiku,64
623,An Khê,An Khe,ak,Thị xã An Khê,An Khe Town,ankhe,64
624,Ayun Pa,Ayun Pa,ap,Thị xã Ayun Pa,Ayun Pa Town,ayunpa,64
625,KBang,KBang,kk,Huyện KBang,KBang District,kbang,64
626,Đăk Đoa,Dak Doa,dd,Huyện Đăk Đoa,Dak Doa District,dakdoa,64
627,Chư Păh,Chu Pah,cp,Huyện Chư Păh,Chu Pah District,chupah,64
628,Ia Grai,Ia Grai,ig,Huyện Ia Grai,Ia Grai District,iagrai,64
629,Mang Yang,Mang Yang,my,Huyện Mang Yang,Mang Yang District,mangyang,64
630,Kông Chro,Kong Chro,kc,Huyện Kông Chro,Kong Chro District,kongchro,64
631,Đức Cơ,Duc Co,dc,Huyện Đức Cơ,Duc Co District,ducco,64
632,Chư Prông,Chu Prong,cp,Huyện Chư Prông,Chu Prong District,chuprong,64
633,Chư Sê,Chu Se,cs,Huyện Chư Sê,Chu Se District,chuse,64
634,Đăk Pơ,Dak Po,dp,Huyện Đăk Pơ,Dak Po District,dakpo,64
635,Ia Pa,Ia Pa,ip,Huyện Ia Pa,Ia Pa District,iapa,64
637,Krông Pa,Krong Pa,kp,Huyện Krông Pa,Krong Pa District,krongpa,64
638,Phú Thiện,Phu Thien,pt,Huyện Phú Thiện,Phu Thien District,phuthien,64
639,Chư Pưh,Chu Puh,cp,Huyện Chư Pưh,Chu Puh District,chupuh,64
643,Buôn Ma Thuột,Buon Ma Thuot,bmt,Thành phố Buôn Ma Thuột,Buon Ma Thuot City,buonmathuot,66
644,Buôn Hồ,Buon Ho,bh,Thị xã Buôn Hồ,Buon Ho Town,buonho,66
645,Ea H'leo,Ea H'leo,eh,Huyện Ea H'leo,Ea H'leo District,eahleo,66
646,Ea Súp,Ea Sup,es,Huyện Ea Súp,Ea Sup District,easup,66
647,Buôn Đôn,Buon Don,bd,Huyện Buôn Đôn,Buon Don District,buondon,66
648,Cư M'gar,Cu M'gar,cm,Huyện Cư M'gar,Cu M'gar District,cumgar,66
649,Krông Búk,Krong Buk,kb,Huyện Krông Búk,Krong Buk District,krongbuk,66
650,Krông Năng,Krong Nang,kn,Huyện Krông Năng,Krong Nang District,krongnang,66
651,Ea Kar,Ea Kar,ek,Huyện Ea Kar,Ea Kar District,eakar,66
652,M'Đrắk,M'Drak,mm,Huyện M'Đrắk,M'Drak District,mdrak,66
653,Krông Bông,Krong Bong,kb,Huyện Krông Bông,Krong Bong District,krongbong,66
654,Krông Pắc,Krong Pac,kp,Huyện Krông Pắc,Krong Pac District,krongpac,66
655,Krông A Na,Krong A Na,ka,Huyện Krông A Na,Krong A Na District,krongana,66
656,Lắk,Lak,ll,Huyện Lắk,Lak District,lak,66
657,Cư Kuin,Cu Kuin,ck,Huyện Cư Kuin,Cu Kuin District,cukuin,66
660,Gia Nghĩa,Gia Nghia,gn,Thành phố Gia Nghĩa,Gia Nghia City,gianghia,67
661,Đăk Glong,Dak Glong,dg,Huyện Đăk Glong,Dak Glong District,dakglong,67
662,Cư Jút,Cu Jut,cj,Huyện Cư Jút,Cu Jut District,cujut,67
663,Đắk Mil,Dak Mil,dm,Huyện Đắk Mil,Dak Mil District,dakmil,67
664,Krông Nô,Krong No,kn,Huyện Krông Nô,Krong No District,krongno,67
665,Đắk Song,Dak Song,ds,Huyện Đắk Song,Dak Song District,daksong,67
666,Đắk R'Lấp,Dak R'Lap,dr,Huyện Đắk R'Lấp,Dak R'Lap District,dakrlap,67
667,Tuy Đức,Tuy Duc,td,Huyện Tuy Đức,Tuy Duc District,tuyduc,67
672,Đà Lạt,Da Lat,dl,Thành phố Đà Lạt,Da Lat City,dalat,68
673,Bảo Lộc,Bao Loc,bl,Thành phố Bảo Lộc,Bao Loc City,baoloc,68
674,Đam Rông,Dam Rong,dr,Huyện Đam Rông,Dam Rong District,damrong,68
675,Lạc Dương,Lac Duong,ld,Huyện Lạc Dương,Lac Duong District,lacduong,68
676,Lâm Hà,Lam Ha,lh,Huyện Lâm Hà,Lam Ha District,lamha,68
677,Đơn Dương,Don Duong,dd,Huyện Đơn Dương,Don Duong District,donduong,68
678,Đức Trọng,Duc Trong,dt,Huyện Đức Trọng,Duc Trong District,ductrong,68
679,Di Linh,Di Linh,dl,Huyện Di Linh,Di Linh District,dilinh,68
680,Bảo Lâm,Bao Lam,bl,Huyện Bảo Lâm,Bao Lam District,baolam,68
681,Đạ Huoai,Da Huoai,dh,Huyện Đạ Huoai,Da Huoai District,dahuoai,68
682,Đạ Tẻh,Da Teh,dt,Huyện Đạ Tẻh,Da Teh District,dateh,68
683,Cát Tiên,Cat Tien,ct,Huyện Cát Tiên,Cat Tien District,cattien,68
688,Phước Long,Phuoc Long,pl,Thị xã Phước Long,Phuoc Long Town,phuoclong,70
689,Đồng Xoài,Dong Xoai,dx,Thành phố Đồng Xoài,Dong Xoai City,dongxoai,70
690,Bình Long,Binh Long,bl,Thị xã Bình Long,Binh Long Town,binhlong,70
691,Bù Gia Mập,Bu Gia Map,bg,Huyện Bù Gia Mập,Bu Gia Map District,bugiamap,70
692,Lộc Ninh,Loc Ninh,ln,Huyện Lộc Ninh,Loc Ninh District,locninh,70
693,Bù Đốp,Bu Dop,bd,Huyện Bù Đốp,Bu Dop District,budop,70
694,Hớn Quản,Hon Quan,hq,Huyện Hớn Quản,Hon Quan District,honquan,70
695,Đồng Phú,Dong Phu,dp,Huyện Đồng Phú,Dong Phu District,dongphu,70
696,Bù Đăng,Bu Dang,bd,Huyện Bù Đăng,Bu Dang District,budang,70
697,Chơn Thành,Chon Thanh,ct,Thị xã Chơn Thành,Chon Thanh Town,chonthanh,70
698,Phú Riềng,Phu Rieng,pr,Huyện Phú Riềng,Phu Rieng District,phurieng,70
703,Tây Ninh,Tay Ninh,tn,Thành phố Tây Ninh,Tay Ninh City,tayninh,72
705,Tân Biên,Tan Bien,tb,Huyện Tân Biên,Tan Bien District,tanbien,72
706,Tân Châu,Tan Chau,tc,Huyện Tân Châu,Tan Chau District,tanchau,72
707,Dương Minh Châu,Duong Minh Chau,dmc,Huyện Dương Minh Châu,Duong Minh Chau District,duongminhchau,72
708,Châu Thành,Chau Thanh,ct,Huyện Châu Thành,Chau Thanh District,chauthanh,72
709,Hòa Thành,Hoa Thanh,ht,Thị xã Hòa Thành,Hoa Thanh Town,hoathanh,72
710,Gò Dầu,Go Dau,gd,Huyện Gò Dầu,Go Dau District,godau,72
711,Bến Cầu,Ben Cau,bc,Huyện Bến Cầu,Ben Cau District,bencau,72
712,Trảng Bàng,Trang Bang,tb,Thị xã Trảng Bàng,Trang Bang Town,trangbang,72
718,Thủ Dầu Một,Thu Dau Mot,tdm,Thành phố Thủ Dầu Một,Thu Dau Mot City,thudaumot,74
719,Bàu Bàng,Bau Bang,bb,Huyện Bàu Bàng,Bau Bang District,baubang,74
720,Dầu Tiếng,Dau Tieng,dt,Huyện Dầu Tiếng,Dau Tieng District,dautieng,74
721,Bến Cát,Ben Cat,bc,Thành phố Bến Cát,Ben Cat City,bencat,74
722,Phú Giáo,Phu Giao,pg,Huyện Phú Giáo,Phu Giao District,phugiao,74
723,Tân Uyên,Tan Uyen,tu,Thành phố Tân Uyên,Tan Uyen City,tanuyen,74
724,Dĩ An,Di An,da,Thành phố Dĩ An,Di An City,dian,74
725,Thuận An,Thuan An,ta,Thành phố Thuận An,Thuan An City,thuanan,74
726,Bắc Tân Uyên,Bac Tan Uyen,btu,Huyện Bắc Tân Uyên,Bac Tan Uyen District,bactanuyen,74
731,Biên Hòa,Bien Hoa,bh,Thành phố Biên Hòa,Bien Hoa City,bienhoa,75
732,Long Khánh,Long Khanh,lk,Thành phố Long Khánh,Long Khanh City,longkhanh,75
734,Tân Phú,Tan Phu,tp,Huyện Tân Phú,Tan Phu District,tanphu,75
735,Vĩnh Cửu,Vinh Cuu,vc,Huyện Vĩnh Cửu,Vinh Cuu District,vinhcuu,75
736,Định Quán,Dinh Quan,dq,Huyện Định Quán,Dinh Quan District,dinhquan,75
737,Trảng Bom,Trang Bom,tb,Huyện Trảng Bom,Trang Bom District,trangbom,75
738,Thống Nhất,Thong Nhat,tn,Huyện Thống Nhất,Thong Nhat District,thongnhat,75
739,Cẩm Mỹ,Cam My,cm,Huyện Cẩm Mỹ,Cam My District,cammy,75
740,Long Thành,Long Thanh,lt,Huyện Long Thành,Long Thanh District,longthanh,75
741,Xuân Lộc,Xuan Loc,xl,Huyện Xuân Lộc,Xuan Loc District,xuanloc,75
742,Nhơn Trạch,Nhon Trach,nt,Huyện Nhơn Trạch,Nhon Trach District,nhontrach,75
747,Vũng Tàu,Vung Tau,vt,Thành phố Vũng Tàu,Vung Tau City,vungtau,77
748,Bà Rịa,Ba Ria,br,Thành phố Bà Rịa,Ba Ria City,baria,77
750,Châu Đức,Chau Duc,cd,Huyện Châu Đức,Chau Duc District,chauduc,77
751,Xuyên Mộc,Xuyen Moc,xm,Huyện Xuyên Mộc,Xuyen Moc District,xuyenmoc,77
752,Long Điền,Long Dien,ld,Huyện Long Điền,Long Dien District,longdien,77
753,Đất Đỏ,Dat Do,dd,Huyện Đất Đỏ,Dat Do District,datdo,77
754,Phú Mỹ,Phu My,pm,Thị xã Phú Mỹ,Phu My Town,phumy,77
760,1,1,1,Quận 1,District 1,1,79
761,12,12,12,Quận 12,District 12,12,79
764,Gò Vấp,Go Vap,gv,Quận Gò Vấp,Go Vap District,govap,79
765,Bình Thạnh,Binh Thanh,bt,Quận Bình Thạnh,Binh Thanh District,binhthanh,79
766,Tân Bình,Tan Binh,tb,Quận Tân Bình,Tan Binh District,tanbinh,79
767,Tân Phú,Tan Phu,tp,Quận Tân Phú,Tan Phu District,tanphu,79
768,Phú Nhuận,Phu Nhuan,pn,Quận Phú Nhuận,Phu Nhuan District,phunhuan,79
769,Thủ Đức,Thu Duc,td,Thành phố Thủ Đức,Thu Duc City,thuduc,79
770,3,3,3,Quận 3,District 3,3,79
771,10,10,10,Quận 10,District 10,10,79
772,11,11,11,Quận 11,District 11,11,79
773,4,4,4,Quận 4,District 4,4,79
774,5,5,5,Quận 5,District 5,5,79
775,6,6,6,Quận 6,District 6,6,79
776,8,8,8,Quận 8,District 8,8,79
777,Bình Tân,Binh Tan,bt,Quận Bình Tân,Binh Tan District,binhtan,79
778,7,7,7,Quận 7,District 7,7,79
783,Củ Chi,Cu Chi,cc,Huyện Củ Chi,Cu Chi District,cuchi,79
784,Hóc Môn,Hoc Mon,hm,Huyện Hóc Môn,Hoc Mon District,hocmon,79
785,Bình Chánh,Binh Chanh,bc,Huyện Bình Chánh,Binh Chanh District,binhchanh,79
786,Nhà Bè,Nha Be,nb,Huyện Nhà Bè,Nha Be District,nhabe,79
787,Cần Giờ,Can Gio,cg,Huyện Cần Giờ,Can Gio District,cangio,79
794,Tân An,Tan An,ta,Thành phố Tân An,Tan An City,tanan,80
795,Kiến Tường,Kien Tuong,kt,Thị xã Kiến Tường,Kien Tuong Town,kientuong,80
796,Tân Hưng,Tan Hung,th,Huyện Tân Hưng,Tan Hung District,tanhung,80
797,Vĩnh Hưng,Vinh Hung,vh,Huyện Vĩnh Hưng,Vinh Hung District,vinhhung,80
798,Mộc Hóa,Moc Hoa,mh,Huyện Mộc Hóa,Moc Hoa District,mochoa,80
799,Tân Thạnh,Tan Thanh,tt,Huyện Tân Thạnh,Tan Thanh District,tanthanh,80
800,Thạnh Hóa,Thanh Hoa,th,Huyện Thạnh Hóa,Thanh Hoa District,thanhhoa,80
801,Đức Huệ,Duc Hue,dh,Huyện Đức Huệ,Duc Hue District,duchue,80
802,Đức Hòa,Duc Hoa,dh,Huyện Đức Hòa,Duc Hoa District,duchoa,80
803,Bến Lức,Ben Luc,bl,Huyện Bến Lức,Ben Luc District,benluc,80
804,Thủ Thừa,Thu Thua,tt,Huyện Thủ Thừa,Thu Thua District,thuthua,80
805,Tân Trụ,Tan Tru,tt,Huyện Tân Trụ,Tan Tru District,tantru,80
806,Cần Đước,Can Duoc,cd,Huyện Cần Đước,Can Duoc District,canduoc,80
807,Cần Giuộc,Can Giuoc,cg,Huyện Cần Giuộc,Can Giuoc District,cangiuoc,80
808,Châu Thành,Chau Thanh,ct,Huyện Châu Thành,Chau Thanh District,chauthanh,80
815,Mỹ Tho,My Tho,mt,Thành phố Mỹ Tho,My Tho City,mytho,82
816,Gò Công,Go Cong,gc,Thành phố Gò Công,Go Cong City,gocong,82
817,Cai Lậy,Cai Lay,cl,Thị xã Cai Lậy,Cai Lay Town,cailay,82
818,Tân Phước,Tan Phuoc,tp,Huyện Tân Phước,Tan Phuoc District,tanphuoc,82
819,Cái Bè,Cai Be,cb,Huyện Cái Bè,Cai Be District,caibe,82
820,Cai Lậy,Cai Lay,cl,Huyện Cai Lậy,Cai Lay District,cailay,82
821,Châu Thành,Chau Thanh,ct,Huyện Châu Thành,Chau Thanh District,chauthanh,82
822,Chợ Gạo,Cho Gao,cg,Huyện Chợ Gạo,Cho Gao District,chogao,82
823,Gò Công Tây,Go Cong Tay,gct,Huyện Gò Công Tây,Go Cong Tay District,gocongtay,82
824,Gò Công Đông,Go Cong Dong,gcd,Huyện Gò Công Đông,Go Cong Dong District,gocongdong,82
825,Tân Phú Đông,Tan Phu Dong,tpd,Huyện Tân Phú Đông,Tan Phu Dong District,tanphudong,82
829,Bến Tre,Ben Tre,bt,Thành phố Bến Tre,Ben Tre City,bentre,83
831,Châu Thành,Chau Thanh,ct,Huyện Châu Thành,Chau Thanh District,chauthanh,83
832,Chợ Lách,Cho Lach,cl,Huyện Chợ Lách,Cho Lach District,cholach,83
833,Mỏ Cày Nam,Mo Cay Nam,mcn,Huyện Mỏ Cày Nam,Mo Cay Nam District,mocaynam,83
834,Giồng Trôm,Giong Trom,gt,Huyện Giồng Trôm,Giong Trom District,giongtrom,83
835,Bình Đại,Binh Dai,bd,Huyện Bình Đại,Binh Dai District,binhdai,83
836,Ba Tri,Ba Tri,bt,Huyện Ba Tri,Ba Tri District,batri,83
837,Thạnh Phú,Thanh Phu,tp,Huyện Thạnh Phú,Thanh Phu District,thanhphu,83
838,Mỏ Cày Bắc,Mo Cay Bac,mcb,Huyện Mỏ Cày Bắc,Mo Cay Bac District,mocaybac,83
842,Trà Vinh,Tra Vinh,tv,Thành phố Trà Vinh,Tra Vinh City,travinh,84
844,Càng Long,Cang Long,cl,Huyện Càng Long,Cang Long District,canglong,84
845,Cầu Kè,Cau Ke,ck,Huyện Cầu Kè,Cau Ke District,cauke,84
846,Tiểu Cần,Tieu Can,tc,Huyện Tiểu Cần,Tieu Can District,tieucan,84
847,Châu Thành,Chau Thanh,ct,Huyện Châu Thành,Chau Thanh District,chauthanh,84
848,Cầu Ngang,Cau Ngang,cn,Huyện Cầu Ngang,Cau Ngang District,caungang,84
849,Trà Cú,Tra Cu,tc,Huyện Trà Cú,Tra Cu District,tracu,84
850,Duyên Hải,Duyen Hai,dh,Huyện Duyên Hải,Duyen Hai District,duyenhai,84
851,Duyên Hải,Duyen Hai,dh,Thị xã Duyên Hải,Duyen Hai Town,duyenhai,84
855,Vĩnh Long,Vinh Long,vl,Thành phố Vĩnh Long,Vinh Long City,vinhlong,86
857,Long Hồ,Long Ho,lh,Huyện Long Hồ,Long Ho District,longho,86
858,Mang Thít,Mang Thit,mt,Huyện Mang Thít,Mang Thit District,mangthit,86
859,Vũng Liêm,Vung Liem,vl,Huyện Vũng Liêm,Vung Liem District,vungliem,86
860,Tam Bình,Tam Binh,tb,Huyện Tam Bình,Tam Binh District,tambinh,86
861,Bình Minh,Binh Minh,bm,Thị xã Bình Minh,Binh Minh Town,binhminh,86
862,Trà Ôn,Tra On,to,Huyện Trà Ôn,Tra On District,traon,86
863,Bình Tân,Binh Tan,bt,Huyện Bình Tân,Binh Tan District,binhtan,86
866,Cao Lãnh,Cao Lanh,cl,Thành phố Cao Lãnh,Cao Lanh City,caolanh,87
867,Sa Đéc,Sa Dec,sd,Thành phố Sa Đéc,Sa Dec City,sadec,87
868,Hồng Ngự,Hong Ngu,hn,Thành phố Hồng Ngự,Hong Ngu City,hongngu,87
869,Tân Hồng,Tan Hong,th,Huyện Tân Hồng,Tan Hong District,tanhong,87
870,Hồng Ngự,Hong Ngu,hn,Huyện Hồng Ngự,Hong Ngu District,hongngu,87
871,Tam Nông,Tam Nong,tn,Huyện Tam Nông,Tam Nong District,tamnong,87
872,Tháp Mười,Thap Muoi,tm,Huyện Tháp Mười,Thap Muoi District,thapmuoi,87
873,Cao Lãnh,Cao Lanh,cl,Huyện Cao Lãnh,Cao Lanh District,caolanh,87
874,Thanh Bình,Thanh Binh,tb,Huyện Thanh Bình,Thanh Binh District,thanhbinh,87
875,Lấp Vò,Lap Vo,lv,Huyện Lấp Vò,Lap Vo District,lapvo,87
876,Lai Vung,Lai Vung,lv,Huyện Lai Vung,Lai Vung District,laivung,87
877,Châu Thành,Chau Thanh,ct,Huyện Châu Thành,Chau Thanh District,chauthanh,87
883,Long Xuyên,Long Xuyen,lx,Thành phố Long Xuyên,Long Xuyen City,longxuyen,89
884,Châu Đốc,Chau Doc,cd,Thành phố Châu Đốc,Chau Doc City,chaudoc,89
886,An Phú,An Phu,ap,Huyện An Phú,An Phu District,anphu,89
887,Tân Châu,Tan Chau,tc,Thị xã Tân Châu,Tan Chau Town,tanchau,89
888,Phú Tân,Phu Tan,pt,Huyện Phú Tân,Phu Tan District,phutan,89
889,Châu Phú,Chau Phu,cp,Huyện Châu Phú,Chau Phu District,chauphu,89
890,Tịnh Biên,Tinh Bien,tb,Thị xã Tịnh Biên,Tinh Bien Town,tinhbien,89
891,Tri Tôn,Tri Ton,tt,Huyện Tri Tôn,Tri Ton District,triton,89
892,Châu Thành,Chau Thanh,ct,Huyện Châu Thành,Chau Thanh District,chauthanh,89
893,Chợ Mới,Cho Moi,cm,Huyện Chợ Mới,Cho Moi District,chomoi,89
894,Thoại Sơn,Thoai Son,ts,Huyện Thoại Sơn,Thoai Son District,thoaison,89
899,Rạch Giá,Rach Gia,rg,Thành phố Rạch Giá,Rach Gia City,rachgia,91
900,Hà Tiên,Ha Tien,ht,Thành phố Hà Tiên,Ha Tien City,hatien,91
902,Kiên Lương,Kien Luong,kl,Huyện Kiên Lương,Kien Luong District,kienluong,91
903,Hòn Đất,Hon Dat,hd,Huyện Hòn Đất,Hon Dat District,hondat,91
904,Tân Hiệp,Tan Hiep,th,Huyện Tân Hiệp,Tan Hiep District,tanhiep,91
905,Châu Thành,Chau Thanh,ct,Huyện Châu Thành,Chau Thanh District,chauthanh,91
906,Giồng Riềng,Giong Rieng,gr,Huyện Giồng Riềng,Giong Rieng District,giongrieng,91
907,Gò Quao,Go Quao,gq,Huyện Gò Quao,Go Quao District,goquao,91
908,An Biên,An Bien,ab,Huyện An Biên,An Bien District,anbien,91
909,An Minh,An Minh,am,Huyện An Minh,An Minh District,anminh,91
910,Vĩnh Thuận,Vinh Thuan,vt,Huyện Vĩnh Thuận,Vinh Thuan District,vinhthuan,91
911,Phú Quốc,Phu Quoc,pq,Thành phố Phú Quốc,Phu Quoc City,phuquoc,91
912,Kiên Hải,Kien Hai,kh,Huyện Kiên Hải,Kien Hai District,kienhai,91
913,U Minh Thượng,U Minh Thuong,umt,Huyện U Minh Thượng,U Minh Thuong District,uminhthuong,91
914,Giang Thành,Giang Thanh,gt,Huyện Giang Thành,Giang Thanh District,giangthanh,91
916,Ninh Kiều,Ninh Kieu,nk,Quận Ninh Kiều,Ninh Kieu District,ninhkieu,92
917,Ô Môn,O Mon,om,Quận Ô Môn,O Mon District,omon,92
918,Bình Thuỷ,Binh Thuy,bt,Quận Bình Thuỷ,Binh Thuy District,binhthuy,92
919,Cái Răng,Cai Rang,cr,Quận Cái Răng,Cai Rang District,cairang,92
923,Thốt Nốt,Thot Not,tn,Quận Thốt Nốt,Thot Not District,thotnot,92
924,Vĩnh Thạnh,Vinh Thanh,vt,Huyện Vĩnh Thạnh,Vinh Thanh District,vinhthanh,92
925,Cờ Đỏ,Co Do,cd,Huyện Cờ Đỏ,Co Do District,codo,92
926,Phong Điền,Phong Dien,pd,Huyện Phong Điền,Phong Dien District,phongdien,92
927,Thới Lai,Thoi Lai,tl,Huyện Thới Lai,Thoi Lai District,thoilai,92
930,Vị Thanh,Vi Thanh,vt,Thành phố Vị Thanh,Vi Thanh City,vithanh,93
931,Ngã Bảy,Nga Bay,nb,Thành phố Ngã Bảy,Nga Bay City,ngabay,93
932,Châu Thành A,Chau Thanh A,cta,Huyện Châu Thành A,Chau Thanh A District,chauthanha,93
933,Châu Thành,Chau Thanh,ctb,Huyện Châu Thành,Chau Thanh District,chauthanh,93
934,Phụng Hiệp,Phung Hiep,ph,Huyện Phụng Hiệp,Phung Hiep District,phunghiep,93
935,Vị Thuỷ,Vi Thuy,vt,Huyện Vị Thuỷ,Vi Thuy District,vithuy,93
936,Long Mỹ,Long My,lm,Huyện Long Mỹ,Long My District,longmy,93
937,Long Mỹ,Long My,lm,Thị xã Long Mỹ,Long My Town,longmy,93
941,Sóc Trăng,Soc Trang,st,Thành phố Sóc Trăng,Soc Trang City,soctrang,94
942,Châu Thành,Chau Thanh,ct,Huyện Châu Thành,Chau Thanh District,chauthanh,94
943,Kế Sách,Ke Sach,ks,Huyện Kế Sách,Ke Sach District,kesach,94
944,Mỹ Tú,My Tu,mt,Huyện Mỹ Tú,My Tu District,mytu,94
945,Cù Lao Dung,Cu Lao Dung,cld,Huyện Cù Lao Dung,Cu Lao Dung District,culaodung,94
946,Long Phú,Long Phu,lp,Huyện Long Phú,Long Phu District,longphu,94
947,Mỹ Xuyên,My Xuyen,mx,Huyện Mỹ Xuyên,My Xuyen District,myxuyen,94
948,Ngã Năm,Nga Nam,nn,Thị xã Ngã Năm,Nga Nam Town,nganam,94
949,Thạnh Trị,Thanh Tri,tt,Huyện Thạnh Trị,Thanh Tri District,thanhtri,94
950,Vĩnh Châu,Vinh Chau,vc,Thị xã Vĩnh Châu,Vinh Chau Town,vinhchau,94
951,Trần Đề,Tran De,td,Huyện Trần Đề,Tran De District,trande,94
954,Bạc Liêu,Bac Lieu,bl,Thành phố Bạc Liêu,Bac Lieu City,baclieu,95
956,Hồng Dân,Hong Dan,hd,Huyện Hồng Dân,Hong Dan District,hongdan,95
957,Phước Long,Phuoc Long,pl,Huyện Phước Long,Phuoc Long District,phuoclong,95
958,Vĩnh Lợi,Vinh Loi,vl,Huyện Vĩnh Lợi,Vinh Loi District,vinhloi,95
959,Giá Rai,Gia Rai,gr,Thị xã Giá Rai,Gia Rai Town,giarai,95
960,Đông Hải,Dong Hai,dh,Huyện Đông Hải,Dong Hai District,donghai,95
961,Hoà Bình,Hoa Binh,hb,Huyện Hoà Bình,Hoa Binh District,hoabinh,95
964,Cà Mau,Ca Mau,cm,Thành phố Cà Mau,Ca Mau City,camau,96
966,U Minh,U Minh,um,Huyện U Minh,U Minh District,uminh,96
967,Thới Bình,Thoi Binh,tb,Huyện Thới Bình,Thoi Binh District,thoibinh,96
968,Trần Văn Thời,Tran Van Thoi,tvt,Huyện Trần Văn Thời,Tran Van Thoi District,tranvanthoi,96
969,Cái Nước,Cai Nuoc,cn,Huyện Cái Nước,Cai Nuoc District,cainuoc,96
970,Đầm Dơi,Dam Doi,dd,Huyện Đầm Dơi,Dam Doi District,damdoi,96
971,Năm Căn,Nam Can,nc,Huyện Năm Căn,Nam Can District,namcan,96
972,Phú Tân,Phu Tan,pt,Huyện Phú Tân,Phu Tan District,phutan,96
973,Ngọc Hiển,Ngoc Hien,nh,Huyện Ngọc Hiển,Ngoc Hien District,ngochien,96
